game,tags
MarioBros-Nes,side h pl
SonicTheHedgehog3-Genesis,side h pl
ChuckRockIISonOfChuck-Genesis,side h pl
ActionPachio-Snes,side h pl
ExMutants-Genesis,side free pl
AddamsFamily-Snes,side free pl
JudgeDredd-Snes,side free pl
BillAndTedsExcellentGameBoyAdventure-GameBoy,side free pl
JetsonsCogswellsCaper-Nes,side free pl
SuperStarWarsTheEmpireStrikesBack-Snes,side free pl
Flicky-Genesis,side free pl
BugsBunnyBirthdayBlowout-Nes,side free pl
TimeZone-Nes,side free pl
Asterix-Sms,side free pl
HomeAlone2LostInNewYork-Genesis,side free pl
ZoolNinjaOfTheNthDimension-Genesis,side free pl
HeavyNova-Genesis,side free pl
Socket-Genesis,side free pl
Barbie-Nes,side free pl
Toki-Nes,side free pl
MickeyMousecapade-Nes,side free pl
ChesterCheetahWildWildQuest-Genesis,side free pl
JoeAndMac-Snes,side free pl
RenAndStimpyShowVeediots-Snes,side free pl
Terminator2JudgmentDay-Nes,side free pl
SnakeRattleNRoll-Nes,3p free pl
BartSimpsonsEscapeFromCampDeadly-GameBoy,side free pl
TrollsInCrazyland-Nes,side free pl
SkeletonKrew-Genesis,3p free pl
RadicalRex-Snes,side free pl
ForgottenWorlds-Genesis,side free pl
MarbleMadness-Sms,3p free pl
Ristar-Genesis,side free pl
Wolfchild-Sms,side free pl
CongosCaper-Snes,side free pl
KidIcarus-Nes,side free pl
BattletoadsInRagnaroksWorld-GameBoy,side free pl
AlienSoldier-Genesis,side free pl
Gods-Genesis,side free pl
Asterix-Snes,side free pl
ArdyLightfoot-Snes,side free pl
AdventuresOfYogiBear-Snes,side free pl
JamesBond007TheDuel-Genesis,side free pl
ContraForce-Nes,side free pl
GhoulsnGhosts-Genesis,side free pl
MappyLand-Nes,side free pl
BalloonKid-GameBoy,side free pl
AlfredChicken-Nes,side free pl
LowGManTheLowGravityMan-Nes,side free pl
IndianaJonesAndTheTempleOfDoom-Nes,side free pl
RevengeOfShinobi-Genesis,side free pl
SonicTheHedgehog2-Sms,side free pl
FinalBubbleBobble-Sms,side free pl
JungleBook-Nes,side free pl
FlyingDragonTheSecretScroll-Nes,side free pl
IzzysQuestForTheOlympicRings-Genesis,side free pl
FlintstonesTheRescueOfDinoAndHoppy-Nes,side free pl
Realm-Snes,side free pl
CheeseCatAstropheStarringSpeedyGonzales-Sms,side free pl
JoeAndMac-Nes,side free pl
IncredibleHulk-Genesis,side free pl
Cybernator-Snes,side free pl
Ottifants-Sms,side free pl
AwesomePossumKicksDrMachinosButt-Genesis,side free pl
RoboCop3-Genesis,side free pl
MonsterLair-Genesis,side free pl
SuperStarWars-Snes,side free pl
TetsuwanAtom-Nes,side free pl
CastlevaniaBloodlines-Genesis,side free pl
AttackOfTheKillerTomatoes-Nes,side free pl
PanicRestaurant-Nes,side free pl
BonkersWaxUp-Sms,side free pl
PrehistorikMan-Snes,side free pl
SaintSword-Genesis,side free pl
Alien3-Sms,side free pl
JewelMaster-Genesis,side free pl
SonicTheHedgehog-Sms,side free pl
MasterOfDarkness-Sms,side free pl
PitfallTheMayanAdventure-Genesis,side free pl
Castelian-Nes,side free pl
DonDokoDon-Nes,side free pl
NinjaGaidenIIITheAncientShipOfDoom-Nes,side free pl
GreendogTheBeachedSurferDude-Genesis,side free pl
BubbleBobble-Nes,side free pl
BubsyII-Genesis,side free pl
AdventureIsland3-Nes,side free pl
SeikimaIIAkumaNoGyakushuu-Nes,side free pl
AtomicRunner-Genesis,side free pl
CoolSpot-Snes,side free pl
BramStokersDracula-Snes,side free pl
AddamsFamily-Nes,side free pl
Widget-Nes,side free pl
BakuretsuSenshiWarrior-GameBoy,side free pl
ChacknPop-Nes,side free pl
Havoc-Genesis,side free pl
ZoolNinjaOfTheNthDimension-Sms,side free pl
Amagon-Nes,side free pl
DiggerTheLegendOfTheLostCity-Nes,side free pl
GIJoeTheAtlantisFactor-Nes,side free pl
BuraiFighter-Nes,side free pl
Marsupilami-Genesis,side free pl
DonkeyKongJr-Nes,side free pl
JamesPond3-Genesis,side free pl
Vectorman2-Genesis,side free pl
InspectorGadget-Snes,side free pl
Fantasia-Genesis,side free pl
PacInTime-Snes,side free pl
IncredibleHulk-Snes,side free pl
KidKlownInNightMayorWorld-Nes,side free pl
MarbleMadness-Genesis,3p free pl
SuperPitfall-Nes,side free pl
BananaPrince-Nes,side free pl
RainbowIslands-Nes,side free pl
Wolfchild-Genesis,side free pl
RoboCop2-Nes,side free pl
DashinDesperadoes-Genesis,side free pl
SuperCastlevaniaIV-Snes,side free pl
YoungIndianaJonesChronicles-Nes,side free pl
AdventureIsland-GameBoy,side free pl
KabukiQuantumFighter-Nes,side free pl
CityConnection-Nes,side free pl
CyberShinobi-Sms,side free pl
LandOfIllusionStarringMickeyMouse-Sms,side free pl
Quartet-Sms,side free pl
TomAndJerry-Snes,side free pl
SuperAdventureIsland-Snes,side free pl
BuckyOHare-Nes,side free pl
PowerPiggsOfTheDarkAge-Snes,side free pl
Hero-Atari2600,side free pl
KidChameleon-Genesis,side free pl
MagicBoy-Snes,side free pl
RainbowIslandsStoryOfTheBubbleBobble2-Sms,side free pl
AdventuresOfMightyMax-Genesis,side free pl
Terminator-Sms,side free pl
LuckyDimeCaperStarringDonaldDuck-Sms,side free pl
SuperGhoulsnGhosts-Snes,side free pl
Astyanax-Nes,side free pl
ConquestOfTheCrystalPalace-Nes,side free pl
BioSenshiDanIncreaserTonoTatakai-Nes,side free pl
TinyToonAdventuresBustersHiddenTreasure-Genesis,side free pl
DennisTheMenace-Snes,side free pl
Stormlord-Genesis,side free pl
BramStokersDracula-Genesis,side free pl
JungleBook-Genesis,side free pl
ShadowOfTheBeast-Genesis,side free pl
GreatCircusMysteryStarringMickeyAndMinnie-Snes,side free pl
PsychicWorld-Sms,side free pl
SprigganPowered-Snes,side free pl
SuperJamesPond-Snes,side free pl
PopnTwinBeeRainbowBellAdventures-Snes,side free pl
SuperWonderBoy-Sms,side free pl
DaffyDuckInHollywood-Sms,side free pl
LegendOfKage-Nes,side free pl
SuperArabian-Nes,side free pl
ChuckRock-Genesis,side free pl
ShadowDancerTheSecretOfShinobi-Genesis,side free pl
CastlevaniaTheNewGeneration-Genesis,side free pl
MitsumeGaTooru-Nes,side free pl
AlfredChicken-Snes,side free pl
WereBackADinosaursStory-Snes,side free pl
CheeseCatAstropheStarringSpeedyGonzales-Genesis,side free pl
MarvelLand-Genesis,side free pl
Sparkster-Genesis,side free pl
WolverineAdamantiumRage-Genesis,side free pl
BalloonFight-Nes,side free pl
MegaTurrican-Genesis,side free pl
JuJuDensetsuTokiGoingApeSpit-Genesis,side free pl
CastleOfIllusion-Genesis,side free pl
ChesterCheetahWildWildQuest-Snes,side free pl
YoukaiDouchuuki-Nes,side free pl
FatalRewind-Genesis,side free pl
NinjaGaidenIITheDarkSwordOfChaos-Nes,side free pl
Hook-Genesis,side free pl
FelixTheCat-Nes,side free pl
TakahashiMeijinNoBugutteHoney-Nes,side free pl
RockinKats-Nes,side free pl
Popeye-Nes,side free pl
SonicTheHedgehog2-Genesis,side free pl
Hurricanes-Genesis,side free pl
HelloKittyWorld-Nes,side free pl
AdventuresOfDrFranken-Snes,side free pl
RenAndStimpyShowPresentsStimpysInvention-Genesis,side free pl
Turrican-Genesis,side free pl
Strider-Genesis,side free pl
ZeroTheKamikazeSquirrel-Genesis,side free pl
DonkeyKong-Nes,side free pl
RoboCopVersusTheTerminator-Sms,side free pl
JudgeDredd-Genesis,side free pl
SpankysQuest-Snes,side free pl
RunSaber-Snes,side free pl
HammerinHarry-Nes,side free pl
BadDudes-Nes,side free pl
CutthroatIsland-Genesis,side free pl
Sparkster-Snes,side free pl
NewZealandStory-Genesis,side free pl
OutToLunch-Snes,side free pl
Claymates-Snes,side free pl
MegaMan-Nes,side free pl
Shatterhand-Nes,side free pl
BubsyInClawsEncountersOfTheFurredKind-Snes,side free pl
RadicalRex-Genesis,side free pl
AdventureIslandII-Nes,side free pl
IncredibleCrashDummies-Genesis,side free pl
SuperMarioWorld-Snes,side free pl
Wardner-Genesis,side free pl
Hurricanes-Snes,side free pl
TinyToonAdventures-Nes,side free pl
TeenageMutantNinjaTurtles-Nes,side free pl
RastanSagaII-Genesis,side free pl
IceClimber-Nes,side free pl
Kangaroo-Atari2600,side free pl
RocketKnightAdventures-Genesis,side free pl
LastActionHero-Snes,side free pl
ZeroTheKamikazeSquirrel-Snes,side free pl
ChuckRockIISonOfChuck-Sms,side free pl
ChesterCheetahTooCoolToFool-Genesis,side free pl
SimpsonsBartVsTheWorld-Nes,side free pl
WizardsAndWarriors-Nes,side free pl
CatNindenTeyandee-Nes,side free pl
IncredibleHulk-Sms,side free pl
JajamaruNoDaibouken-Nes,side free pl
PizzaPop-Nes,side free pl
MegaMan2-Nes,side free pl
Cliffhanger-Nes,side free pl
DonkeyKongCountry3DixieKongsDoubleTrouble-Snes,side free pl
DazeBeforeChristmas-Genesis,side free pl
BubbleBobble-Sms,side free pl
AtomicRoboKid-Genesis,side free pl
AeroTheAcroBat2-Snes,side free pl
MonsterInMyPocket-Nes,side free pl
AddamsFamilyPugsleysScavengerHunt-Nes,side free pl
AfterBurst-GameBoy,side free pl
AsterixAndTheGreatRescue-Sms,side free pl
LegendOfGalahad-Genesis,side free pl
SuperMarioBros-Nes,side free pl
WiznLiz-Genesis,side free pl
MontezumaRevenge-Atari2600,side free pl
NormysBeachBabeORama-Genesis,side free pl
KanshakudamaNageKantarouNoToukaidouGojuusanTsugi-Nes,side free pl
SDHeroSoukessenTaoseAkuNoGundan-Nes,side free pl
Marko-Genesis,side free pl
MegaManTheWilyWars-Genesis,side free pl
DragonsLair-Snes,side free pl
UruseiYatsuraLumNoWeddingBell-Nes,side free pl
SonicTheHedgehog-Genesis,side free pl
NinjaKid-Nes,side free pl
BladesOfVengeance-Genesis,side free pl
GhostsnGoblins-Nes,side free pl
RoboCop3-Sms,side free pl
SwampThing-Nes,side free pl
Mask-Snes,side free pl
AsterixAndObelix-GameBoy,side free pl
RangerX-Genesis,side free pl
IzzysQuestForTheOlympicRings-Snes,side free pl
BoogermanAPickAndFlickAdventure-Genesis,side free pl
MrNutz-Genesis,side free pl
BramStokersDracula-Nes,side free pl
JamesPond2CodenameRoboCod-Sms,side free pl
JoeAndMac2LostInTheTropics-Snes,side free pl
IndianaJonesAndTheLastCrusade-Genesis,side free pl
AdventuresOfMightyMax-Snes,side free pl
SonicBlast-Sms,side free pl
SuperWidget-Snes,side free pl
ItchyAndScratchyGame-Snes,side free pl
WonderBoyInMonsterWorld-Sms,side free pl
AddamsFamily-Genesis,side free pl
ElViento-Genesis,side free pl
FireAndIce-Sms,side free pl
AeroTheAcroBat2-Genesis,side free pl
Challenger-Nes,side free pl
BadStreetBrawler-Nes,side free pl
SonicAndKnuckles-Genesis,side free pl
DarkCastle-Genesis,side free pl
TazMania-Genesis,side free pl
DinoCity-Snes,side free pl
TreasureMaster-Nes,side free pl
FamilyDog-Snes,side free pl
SuperC-Nes,side free pl
Flintstones-Snes,side free pl
SydOfValis-Genesis,side free pl
KaiketsuYanchaMaru3TaiketsuZouringen-Nes,side free pl
SuperMarioBros3-Nes,side free pl
PussNBootsPerosGreatAdventure-Nes,side free pl
FoxsPeterPanAndThePiratesTheRevengeOfCaptainHook-Nes,side free pl
SpeedyGonzalesLosGatosBandidos-Snes,side free pl
RushnAttack-Nes,side free pl
Shinobi-Sms,side free pl
McDonaldsTreasureLandAdventure-Genesis,side free pl
BubsyInClawsEncountersOfTheFurredKind-Genesis,side free pl
JamesPondIICodenameRobocod-Genesis,side free pl
SupermanTheManOfSteel-Sms,side free pl
FormationZ-Nes,side free pl
HarleysHumongousAdventure-Snes,side free pl
StarWars-Nes,side free pl
TeenageMutantNinjaTurtlesIITheArcadeGame-Nes,3p free pl
AlteredBeast-Genesis,side free pl
BronkieTheBronchiasaurus-Snes,side free pl
KirbysAdventure-Nes,side free pl
Wolfchild-Snes,side free pl
JellyBoy-Snes,side free pl
YoukaiClub-Nes,side free pl
DirtyHarry-Nes,side free pl
AsterixAndThePowerOfTheGods-Genesis,side free pl
JungleBook-Snes,side free pl
GIJoeARealAmericanHero-Nes,side free pl
BanishingRacer-GameBoy,side free pl
BeautyAndTheBeastBellesQuest-Genesis,side free pl
JamesBond007TheDuel-Sms,side free pl
SkuljaggerRevoltOfTheWesticans-Snes,side free pl
BioMiracleBokutteUpa-Nes,side free pl
SimpsonsBartVsTheSpaceMutants-Nes,side free pl
SimpsonsBartVsTheSpaceMutants-Genesis,side free pl
SnowBrothers-Nes,side free pl
WreckingCrew-Nes,side free pl
Ottifants-Genesis,side free pl
PinkGoesToHollywood-Genesis,side free pl
MonsterParty-Nes,side free pl
BubsyII-Snes,side free pl
PiratesOfDarkWater-Snes,side free pl
ThunderFox-Genesis,side free pl
MrNutz-Snes,side free pl
ElevatorAction-Atari2600,side free pl
Plok-Snes,side free pl
KidKlownInCrazyChase-Snes,3p free pl
AtlantisNoNazo-Nes,side free pl
MagicSword-Snes,side free pl
ZoolNinjaOfTheNthDimension-Snes,side free pl
NinjaGaiden-Sms,side free pl
ChikiChikiBoys-Genesis,side free pl
DonkeyKong3-Nes,side free pl
BattletoadsDoubleDragon-Genesis,side free pl
CircusCharlie-Nes,side free pl
GreatCircusMysteryStarringMickeyAndMinnie-Genesis,side free pl
BOB-Snes,side free pl
XMenMojoWorld-Sms,side free pl
AeroTheAcroBat-Snes,side free pl
Cadash-Genesis,side free pl
MightyBombJack-Nes,side free pl
TroubleShooter-Genesis,side free pl
MightyMorphinPowerRangersTheMovie-Genesis,side free pl
KidNikiRadicalNinja-Nes,side free pl
Incantation-Snes,side free pl
BoogermanAPickAndFlickAdventure-Snes,side free pl
Conan-Nes,side free pl
IronSwordWizardsAndWarriorsII-Nes,side free pl
AddamsFamily-Sms,side free pl
FirstSamurai-Snes,side free pl
AsterixAndTheSecretMission-Sms,side free pl
Flintstones-Genesis,side free pl
KaiketsuYanchaMaru2KarakuriLand-Nes,side free pl
MightyFinalFight-Nes,side free pl
BOB-Genesis,side free pl
TinyToonAdventuresBusterBustsLoose-Snes,side free pl
CaptainPlanetAndThePlaneteers-Genesis,side free pl
AsterixAndTheGreatRescue-Genesis,side free pl
ActRaiser2-Snes,side free pl
TotalRecall-Nes,side free pl
Pulseman-Genesis,side free pl
SonicAndKnuckles3-Genesis,side free pl
Athena-Nes,side free pl
RoadRunnersDeathValleyRally-Snes,side free pl
MCKids-Nes,side free pl
GhoulSchool-Nes,side free pl
NinjaGaiden-Nes,side free pl
Superman-Genesis,side free pl
FantasticDizzy-Genesis,side free pl
RoboccoWars-Nes,side free pl
QuackShot-Genesis,side free pl
SuperAlfredChicken-Snes,side free pl
DonkeyKongCountry2-Snes,side free pl
TazMania-Sms,side free pl
PorkyPigsHauntedHoliday-Snes,side free pl
DananTheJungleFighter-Sms,side free pl
Xexyz-Nes,side free pl
GoldenAxeIII-Genesis,side free pl
Spelunker-Nes,side free pl
BarneysHideAndSeekGame-Genesis,side free pl
LastActionHero-Nes,side free pl
MichaelJacksonsMoonwalker-Genesis,side free pl
CrossFire-Nes,side free pl
BubbleAndSqueak-Genesis,side free pl
RoboCop3-Nes,side free pl
AlfredChicken-GameBoy,side free pl
BubbaNStix-Genesis,side free pl
SkyKid-Nes,side free pl
CodeNameViper-Nes,side free pl
AdventuresOfRockyAndBullwinkleAndFriends-Snes,side free pl
BatmanReturns-Genesis,side free pl
NewZealandStory-Sms,side free pl
SylvesterAndTweetyInCageyCapers-Genesis,side free pl
8Eyes-Nes,side free pl
POWPrisonersOfWar-Nes,side free pl
SonSon-Nes,side free pl
BeautyAndTheBeastRoarOfTheBeast-Genesis,side free pl
RenderingRangerR2-Snes,side free pl
AddamsFamily-GameBoy,side free pl
AdventuresOfKidKleets-Snes,side free pl
GlobalGladiators-Genesis,side free pl
StreetsOfRage-Genesis,side free pl
KamenNoNinjaAkakage-Nes,side free pl
SecondSamurai-Genesis,side free pl
CoolSpot-Genesis,side free pl
SuperTrollIslands-Snes,side free pl
Smurfs-Genesis,side free pl
BebesKids-Snes,side free pl
Gimmick-Nes,side free pl
UniversalSoldier-Genesis,side free pl
TinHead-Genesis,side free pl
PuttySquad-Snes,side free pl
SuperMarioWorld2-Snes,side free pl
TotallyRad-Nes,side free pl
MidnightResistance-Genesis,side free pl
SpiderManReturnOfTheSinisterSix-Sms,side free pl
DickTracy-Genesis,side free pl
ElevatorAction-Nes,side free pl
ShinobiIIIReturnOfTheNinjaMaster-Genesis,side free pl
MagicalTaruruutoKun-Genesis,side free pl
Gods-Snes,side free pl
AdventuresOfRockyAndBullwinkleAndFriends-Nes,side free pl
Smurfs-Nes,side free pl
BubbleBobblePart2-Nes,side free pl
LethalWeapon-Snes,side free pl
MagicalQuestStarringMickeyMouse-Snes,side free pl
Batman-Genesis,side free pl
SunsetRiders-Genesis,side free pl
Hook-Snes,side free pl
JamesBondJr-Nes,side free pl
CoolSpot-Sms,side free pl
JetsonsInvasionOfThePlanetPirates-Snes,side free pl
NoahsArk-Nes,side free pl
MetalStorm-Nes,side free pl
BatmanReturns-Nes,side free pl
Alien3-Nes,side free pl
WrathOfTheBlackManta-Nes,side free pl
Castlevania-Nes,side free pl
SCATSpecialCyberneticAttackTeam-Nes,side free pl
MichaelJacksonsMoonwalker-Sms,side free pl
CaptainAmericaAndTheAvengers-Nes,side free pl
RollingThunder2-Genesis,side free pl
BishoujoSenshiSailorMoonR-Snes,side free pl
3NinjasKickBack-Genesis,side free pl
RiskyWoods-Genesis,side free pl
DeepDuckTroubleStarringDonaldDuck-Sms,side free pl
LastBattle-Genesis,side free pl
Terminator-Genesis,side free pl
TeenageMutantNinjaTurtlesIIITheManhattanProject-Nes,3p free pl
MysteryQuest-Nes,side free pl
ChuckRock-Snes,side free pl
DazeBeforeChristmas-Snes,side free pl
DaffyDuckTheMarvinMissions-Snes,side free pl
Darkman-Nes,side free pl
JackieChansActionKungFu-Nes,side free pl
Vectorman-Genesis,side free pl
SuperBCKid-Snes,side free pl
AdventuresOfRockyAndBullwinkleAndFriends-Genesis,side free pl
RunningBattle-Sms,side free pl
WaniWaniWorld-Genesis,side free pl
ChesterCheetahTooCoolToFool-Snes,side free pl
AdventuresOfStarSaver-GameBoy,side free pl
PitfallTheMayanAdventure-Snes,side free pl
Joust-Nes,side free pl
SuperTurrican-Snes,side free pl
Smurfs-Snes,side free pl
EarnestEvans-Genesis,side free pl
SmartBall-Snes,side free pl
RoboCopVersusTheTerminator-Snes,side free pl
AddamsFamilyPugsleysScavengerHunt-Snes,side free pl
NinjaCrusaders-Nes,side free pl
SuperTurrican2-Snes,side free pl
CastlevaniaIIIDraculasCurse-Nes,side free pl
ChuckRock-Sms,side free pl
AttackOfTheKillerTomatoes-GameBoy,side free pl
DynamiteHeaddy-Genesis,side free pl
TargetEarth-Genesis,side free pl
BombJack-GameBoy,side free pl
SwordOfSodan-Genesis,side free pl
SpartanX2-Nes,side free pl
DonkeyKongCountry-Snes,side free pl
JourneyToSilius-Nes,side free pl
WaynesWorld-Nes,side free pl
ToxicCrusaders-Nes,3p free pl
Armadillo-Nes,side free pl
AaahhRealMonsters-Genesis,side free pl
